{
  "artifact": "T10.1 overlap decomposition T6.6 vs T8.2a",
  "dominant_driver_by_event": {
    "GW150914": "OBS_SIGMA_CHANGE",
    "GW170104": "OBS_SIGMA_CHANGE",
    "GW190519_153544": "OBS_SIGMA_CHANGE",
    "GW190521_074359": "OBS_SIGMA_CHANGE",
    "GW190828_063405": "MIXED",
    "GW190910_112807": "OBS_SHIFT"
  },
  "dominant_driver_counts": {
    "MIXED": 1,
    "OBS_SHIFT": 1,
    "OBS_SIGMA_CHANGE": 4
  },
  "event_rows": [
    {
      "SNR": 26.0,
      "delta_f_kerr_hz": 2.436046185538146,
      "delta_f_obs_hz": 5.300000000000011,
      "delta_gamma_kerr_hz": 5.249720057247487,
      "delta_gamma_obs_hz": -16.365748073065106,
      "delta_max_abs_residual": -0.9514509208646362,
      "delta_tau_ms": 0.3099999999999996,
      "dominant_driver": "OBS_SIGMA_CHANGE",
      "dominant_residual_component_t66": "gamma",
      "dominant_residual_component_t82a": "f",
      "driver_rule_note": "same_direction_share=0.698; opposing_abs=0",
      "event": "GW150914",
      "f_kerr_t66": 233.80159929295635,
      "f_kerr_t82a": 236.2376454784945,
      "f_obs_t66": 248.0,
      "f_obs_t82a": 253.3,
      "gamma_kerr_t66": 203.47117320151472,
      "gamma_kerr_t82a": 208.7208932587622,
      "gamma_obs_t66": 238.09523809523807,
      "gamma_obs_t82a": 221.72949002217297,
      "high_snr_lost_tail": true,
      "high_snr_overlap": true,
      "lost_high_tail_in_t82a": true,
      "max_abs_residual_t66": 1.6825246239592797,
      "max_abs_residual_t82a": 0.7310737030946435,
      "residual_f_t66": 0.8629635794524696,
      "residual_f_t82a": 0.7310737030946435,
      "residual_gamma_t66": 1.6825246239592797,
      "residual_gamma_t82a": 0.1835200407310357,
      "shapley_KERR_PREDICTION_CHANGE": -0.16193111561424067,
      "shapley_KERR_SIGMA_CHANGE": -0.004162607477304329,
      "shapley_OBS_SHIFT": -0.12134907429644426,
      "shapley_OBS_SIGMA_CHANGE": -0.6640081234766468,
      "sigma_f_kerr_t66": 14.64423205616978,
      "sigma_f_kerr_t82a": 14.976240211189468,
      "sigma_f_obs_t66": 7.5,
      "sigma_f_obs_t82a": 17.9,
      "sigma_gamma_kerr_t66": 14.920631319569411,
      "sigma_gamma_kerr_t82a": 14.801501225642433,
      "sigma_gamma_obs_t66": 14.17233560090703,
      "sigma_gamma_obs_t82a": 69.32119311114498,
      "snr_rank_overlap": 1,
      "t66_verdict": "marginal",
      "t82a_no_improvement": false,
      "t82a_verdict": "consistent",
      "tail_high_t66": true,
      "tail_high_t82a": false,
      "tau_ms_t66": 4.2,
      "tau_ms_t82a": 4.51
    },
    {
      "SNR": 25.9,
      "delta_f_kerr_hz": 0.0,
      "delta_f_obs_hz": 6.0,
      "delta_gamma_kerr_hz": 0.0,
      "delta_gamma_obs_hz": -3.0358227079538267,
      "delta_max_abs_residual": -0.7141336416599292,
      "delta_tau_ms": 0.08999999999999986,
      "dominant_driver": "OBS_SIGMA_CHANGE",
      "dominant_residual_component_t66": "gamma",
      "dominant_residual_component_t82a": "f",
      "driver_rule_note": "same_direction_share=1.000; opposing_abs=0.0119",
      "event": "GW190521_074359",
      "f_kerr_t66": 185.47388574211587,
      "f_kerr_t82a": 185.47388574211587,
      "f_obs_t66": 198.0,
      "f_obs_t82a": 204.0,
      "gamma_kerr_t66": 155.82415941159934,
      "gamma_kerr_t82a": 155.82415941159934,
      "gamma_obs_t66": 185.18518518518516,
      "gamma_obs_t82a": 182.14936247723134,
      "high_snr_lost_tail": true,
      "high_snr_overlap": true,
      "lost_high_tail_in_t82a": true,
      "max_abs_residual_t66": 1.3236719708272138,
      "max_abs_residual_t82a": 0.6095383291672846,
      "residual_f_t66": 0.6447721387193375,
      "residual_f_t82a": 0.6095383291672846,
      "residual_gamma_t66": 1.3236719708272138,
      "residual_gamma_t82a": 0.4024978431653734,
      "shapley_KERR_PREDICTION_CHANGE": 0.0,
      "shapley_KERR_SIGMA_CHANGE": 0.0,
      "shapley_OBS_SHIFT": 0.011880794220264028,
      "shapley_OBS_SIGMA_CHANGE": -0.7260144358801934,
      "sigma_f_kerr_t66": 18.122249223596036,
      "sigma_f_kerr_t82a": 18.122249223596036,
      "sigma_f_obs_t66": 7.0,
      "sigma_f_obs_t82a": 24.4,
      "sigma_gamma_kerr_t66": 17.43132709485553,
      "sigma_gamma_kerr_t82a": 17.43132709485553,
      "sigma_gamma_obs_t66": 13.717421124828531,
      "sigma_gamma_obs_t82a": 63.038941476637426,
      "snr_rank_overlap": 2,
      "t66_verdict": "marginal",
      "t82a_no_improvement": false,
      "t82a_verdict": "consistent",
      "tail_high_t66": true,
      "tail_high_t82a": false,
      "tau_ms_t66": 5.4,
      "tau_ms_t82a": 5.49
    },
    {
      "SNR": 16.5,
      "delta_f_kerr_hz": -2.9297829879896256,
      "delta_f_obs_hz": 13.400000000000006,
      "delta_gamma_kerr_hz": -2.333243921917841,
      "delta_gamma_obs_hz": -52.327093083723355,
      "delta_max_abs_residual": 0.021961337430103756,
      "delta_tau_ms": 1.6100000000000003,
      "dominant_driver": "MIXED",
      "dominant_residual_component_t66": "gamma",
      "dominant_residual_component_t82a": "f",
      "driver_rule_note": "largest_same=OBS_SHIFT; share=0.712; opposing_abs=0.254",
      "event": "GW190828_063405",
      "f_kerr_t66": 224.61669574587538,
      "f_kerr_t82a": 221.68691275788575,
      "f_obs_t66": 239.0,
      "f_obs_t82a": 252.4,
      "gamma_kerr_t66": 178.88203401370416,
      "gamma_kerr_t82a": 176.54879009178632,
      "gamma_obs_t66": 208.33333333333334,
      "gamma_obs_t82a": 156.00624024961,
      "high_snr_lost_tail": false,
      "high_snr_overlap": false,
      "lost_high_tail_in_t82a": false,
      "max_abs_residual_t66": 0.7992224979144349,
      "max_abs_residual_t82a": 0.8211838353445386,
      "residual_f_t66": 0.4291616558657538,
      "residual_f_t82a": 0.8211838353445386,
      "residual_gamma_t66": 0.7992224979144349,
      "residual_gamma_t82a": -0.2758647915051895,
      "shapley_KERR_PREDICTION_CHANGE": 0.07279086895493954,
      "shapley_KERR_SIGMA_CHANGE": 0.006686892644130429,
      "shapley_OBS_SHIFT": 0.19610364198849228,
      "shapley_OBS_SIGMA_CHANGE": -0.2536200661574584,
      "sigma_f_kerr_t66": 31.827623657306592,
      "sigma_f_kerr_t82a": 31.412480740037385,
      "sigma_f_obs_t66": 10.5,
      "sigma_f_obs_t82a": 20.3,
      "sigma_gamma_kerr_t66": 28.07255022013894,
      "sigma_gamma_kerr_t82a": 27.706386521615396,
      "sigma_gamma_obs_t66": 23.87152777777778,
      "sigma_gamma_obs_t82a": 69.11976947096603,
      "snr_rank_overlap": 3,
      "t66_verdict": "consistent",
      "t82a_no_improvement": true,
      "t82a_verdict": "consistent",
      "tail_high_t66": false,
      "tail_high_t82a": false,
      "tau_ms_t66": 4.8,
      "tau_ms_t82a": 6.41
    },
    {
      "SNR": 15.9,
      "delta_f_kerr_hz": 0.0,
      "delta_f_obs_hz": -5.299999999999997,
      "delta_gamma_kerr_hz": 0.0,
      "delta_gamma_obs_hz": 11.69590643274853,
      "delta_max_abs_residual": -0.3265773550240675,
      "delta_tau_ms": -0.9499999999999993,
      "dominant_driver": "OBS_SIGMA_CHANGE",
      "dominant_residual_component_t66": "gamma",
      "dominant_residual_component_t82a": "gamma",
      "driver_rule_note": "same_direction_share=1.000; opposing_abs=0.277",
      "event": "GW190519_153544",
      "f_kerr_t66": 118.22851064433493,
      "f_kerr_t82a": 118.22851064433493,
      "f_obs_t66": 127.0,
      "f_obs_t82a": 121.7,
      "gamma_kerr_t66": 85.96186380585411,
      "gamma_kerr_t82a": 85.96186380585411,
      "gamma_obs_t66": 105.26315789473684,
      "gamma_obs_t82a": 116.95906432748536,
      "high_snr_lost_tail": false,
      "high_snr_overlap": false,
      "lost_high_tail_in_t82a": false,
      "max_abs_residual_t66": 0.7882835823248424,
      "max_abs_residual_t82a": 0.46170622730077493,
      "residual_f_t66": 0.4415955747558643,
      "residual_f_t82a": 0.15252323755700734,
      "residual_gamma_t66": 0.7882835823248424,
      "residual_gamma_t82a": 0.46170622730077493,
      "shapley_KERR_PREDICTION_CHANGE": 0.0,
      "shapley_KERR_SIGMA_CHANGE": 0.0,
      "shapley_OBS_SHIFT": 0.27699727028244947,